"time_step","resources","estimate","cost_culling","cost_unused","act_culling","act_unused","crop_yield","harvested"
20,0,0,110,0,360,12,4000,0
20,935,0,110,0,360,13,4000,360
20,1573,0,110,0,360,12,4000,360
7,0,0,110,0,360,13,4000,0
20,379,181.40589569161,110,0,360,14,3819.4625,306
20,3306,6530.61224489796,10,100,4000,0,3070.9609375,3277
20,1205,181.40589569161,110,0,360,13,4000,360
7,0,0,110,0,360,16,4000,0
14,0,0,110,0,360,12,4000,0
20,623,1360.54421768707,110,0,360,17,3851.1875,354
